[
    {
        "nama": "deo",
        "no_hp": "88",
        "alamat": "metro",
        "jasa": "Setrika Saja",
        "berat": 444.0,
        "kurir": "Jemput",
        "total": 1776000.0,
        "bayar": 2000000.0,
        "kembalian": 224000.0,
        "waktu": "2025-05-20 09:57:39"
    },
    {
        "nama": "kamto",
        "no_hp": "11",
        "alamat": "metro",
        "jasa": "Setrika Saja",
        "berat": 20.0,
        "kurir": "Jemput",
        "total": 80000.0,
        "bayar": 100000.0,
        "kembalian": 20000.0,
        "waktu": "2025-05-20 09:58:18"
    },
    {
        "nama": "dekan",
        "no_hp": "22",
        "alamat": "mdkan",
        "jasa": "Cuci Setrika",
        "berat": 10.0,
        "kurir": "Jemput",
        "total": 70000.0,
        "bayar": 80000.0,
        "kembalian": 10000.0,
        "waktu": "2025-05-20 10:32:22"
    },
    {
        "nama": "riri",
        "no_hp": "084844",
        "alamat": "meowaj",
        "jasa": "Karpet",
        "berat": 10.0,
        "kurir": "Antar",
        "total": 150000.0,
        "uang_bayar": 200000.0,
        "kembalian": 50000.0,
        "waktu": "2025-05-20 10:42:07"
    },
    {
        "nama": "dkas",
        "no_hp": "4082",
        "alamat": "nfskanf",
        "jasa": "Cuci Setrika",
        "berat": 1.0,
        "kurir": "Antar-Jemput",
        "total": 7000.0,
        "uang_bayar": 10000.0,
        "kembalian": 3000.0,
        "waktu": "2025-05-20 10:54:51"
    },
    {
        "nama": "tes",
        "no_hp": "12342",
        "alamat": "fkjsrg",
        "jasa": "Express (Selesai 1 Hari)",
        "berat": 100.0,
        "kurir": "Antar-Jemput",
        "total": 1000000.0,
        "bayar": 1100000.0,
        "kembalian": 100000.0,
        "waktu": "2025-05-20 11:04:15"
    }
]